{
  "decode_tps_median": 36.49604455496704,
  "decode_tps_runs": [
    36.49604455496704
  ],
  "decode_window_s": 5.65946626663208,
  "generated_utc": "2026-07-13T16:12:31Z",
  "idle_samples": 14,
  "idle_w_mean": 23.97942857142857,
  "load_samples": 6,
  "load_w_max": 101.073,
  "load_w_mean": 99.20016666666668,
  "model": "gpt-oss:120b-vram",
  "runs_detail": [
    {
      "decode_tps": 36.49604455496704,
      "eval_count": 196,
      "eval_duration_ns": 5370445000,
      "wall_s": 5.659344559004239
    }
  ],
  "schema": "power-sampler/v1",
  "shape": {
    "keep_alive": "30m",
    "max_tokens": 1400,
    "num_ctx": 4096,
    "prompt_tokens": 256,
    "runs": 1,
    "use_mmap": false
  },
  "tok_per_watt_load": 0.3679030568325696,
  "tok_per_watt_net_idle": 0.48518594046177604,
  "total_decode_s": 5.370445,
  "total_decode_tokens": 196
}
